{
  "model_name": "RandomForest",
  "timestamp": "2026-03-21T18:13:26.744538",
  "metrics": {
    "accuracy": 0.4666666666666667,
    "precision": 0.36363636363636365,
    "recall": 0.8,
    "f1": 0.5,
    "confusion_matrix": [
      [
        3,
        7
      ],
      [
        1,
        4
      ]
    ]
  },
  "predictions_sample": {
    "y_true": [
      1,
      0,
      1,
      0,
      1,
      0,
      1,
      0,
      0,
      0,
      0,
      1,
      0,
      0,
      0
    ],
    "y_pred": [
      0,
      0,
      1,
      0,
      1,
      1,
      1,
      0,
      1,
      1,
      1,
      1,
      1,
      1,
      1
    ]
  }
}